<?xml version="1.0" encoding="UTF-8"?>
<donuts>
    <donut>
        <id>0001</id>
        <type>donut</type>
        <name>Cake</name>
        <ppu>0.55</ppu>
        <batters>
            <batter>
                <id>1001</id>
                <type>Regular</type>
            </batter>
            <batter>
                <id>1002</id>
                <type>Chocolate</type>
            </batter>
            <batter>
                <id>1003</id>
                <type>Blueberry</type>
            </batter>
            <batter>
                <id>1004</id>
                <type>Devil's Food</type>
            </batter>
        </batters>
        <topping>
            <id>5001</id>
            <type>None</type>
        </topping>
        <topping>
            <id>5002</id>
            <type>Glazed</type>
        </topping>
        <topping>
            <id>5005</id>
            <type>Sugar</type>
        </topping>
        <topping>
            <id>5007</id>
            <type>Powdered Sugar</type>
        </topping>
        <topping>
            <id>5006</id>
            <type>Choc with Sprinkles</type>
        </topping>
        <topping>
            <id>5003</id>
            <type>Chocolate</type>
        </topping>
        <topping>
            <id>5004</id>
            <type>Maple</type>
        </topping>
    </donut>
    <donut>
        <id>0002</id>
        <type>donut</type>
        <name>Raised</name>
        <ppu>0.55</ppu>
        <batters>
            <batter>
                <id>1001</id>
                <type>Regular</type>
            </batter>
        </batters>
        <toping>
            <id>5001</id>
            <type>None</type>
        </toping>
        <toping>
            <id>5002</id>
            <type>Glazed</type>
        </toping>
        <toping>
            <id>5005</id>
            <type>Sugar</type>
        </toping>
        <toping>
            <id>5003</id>
            <type>Chocolate</type>
        </toping>
        <toping>
            <id>5004</id>
            <type>Maple</type>
        </toping>
    </donut>
    <donut>
        <id>0003</id>
        <type>donut</type>
        <name>Old Fashioned</name>
        <ppu>0.55</ppu>
        <batters>
            <batter>
                <id>1001</id>
                <type>Regular</type>
            </batter>
            <batter>
                <id>1002</id>
                <type>Chocolate</type>
            </batter>
        </batters>
        <toping>
            <id>5001</id>
            <type>None</type>
        </toping>
        <toping>
            <id>5002</id>
            <type>Glazed</type>
        </toping>
        <toping>
            <id>5005</id>
            <type>Sugar</type>
        </toping>
        <toping>
            <id>5003</id>
            <type>Chocolate</type>
        </toping>
        <toping>
            <id>5004</id>
            <type>Maple</type>
        </toping>
    </donut>
</donuts>