{"bib": {
    "book": [
        {
            "year": "1994",
            "title": "TCP/IP Illustrated",
            "author": {
                "last": "Stevens",
                "first": "W."
            },
            "publisher": "Addison-Wesley",
            "price": "65.95"
        },
        {
            "year": "1992",
            "title": "Advanced Programming in the Unix environment",
            "author": {
                "last": "Stevens",
                "first": "W."
            },
            "publisher": "Addison-Wesley",
            "price": "65.95"
        },
        {
            "year": "2000",
            "title": "Data on the Web",
            "author": [{
                "last": "Abiteboul",
                "first": "Serge"
            },
            {
                "last": "Buneman",
                "first": "Peter"
            },
            {
                "last": "Suciu",
                "first": "Dan"
            }
            ],
            "publisher": "Morgan Kaufmann Publishers",
            "price": "39.95"
        },
        {
            "year": "1999",
            "title": "The Economics of Technology and Content for Digital TV",
            "editor": {
                "last": "Gerbarg",
                "first": "Darcy",
                "affiliation": "CITI"
            },            
            "publisher": "Kluwer Academic Publishers",
            "price": "129.95"
        }
    ]
}
}